Date, Rise, Transit, Set, RA_Transit, Dec_Transit, NPD_08h, Hrly_Var, NPD_14h, Hrly_Var, EOT_12h, GST_00h_UT
2022-01-01, 06:21:36, 12:00:03, 17:38:34, 18 46 35, -23 00 16, 113 01 05, -12.23, 112 59 51, -12.51, -03 24.4, 06 42 31.2
2022-01-02, 06:21:58, 12:00:31, 17:39:08, 18 50 59, -22 55 08, 112 56 01, -13.37, 112 54 41, -13.66, -03 52.6, 06 46 27.7
2022-01-03, 06:22:19, 12:00:59, 17:39:43, 18 55 24, -22 49 32, 112 50 30, -14.51, 112 49 03, -14.79, -04 20.4, 06 50 24.3
2022-01-04, 06:22:40, 12:01:27, 17:40:17, 18 59 48, -22 43 29, 112 44 31, -15.64, 112 42 57, -15.92, -04 47.8, 06 54 20.8
2022-01-05, 06:22:59, 12:01:54, 17:40:52, 19 04 11, -22 36 59, 112 38 06, -16.76, 112 36 25, -17.04, -05 14.9, 06 58 17.4
2022-01-06, 06:23:18, 12:02:20, 17:41:27, 19 08 34, -22 30 02, 112 31 13, -17.88, 112 29 26, -18.16, -05 41.5, 07 02 13.9
2022-01-07, 06:23:35, 12:02:47, 17:42:02, 19 12 57, -22 22 39, 112 23 54, -18.99, 112 22 00, -19.26, -06 07.7, 07 06 10.5
2022-01-08, 06:23:52, 12:03:12, 17:42:37, 19 17 19, -22 14 49, 112 16 09, -20.08, 112 14 08, -20.36, -06 33.3, 07 10 07.0
2022-01-09, 06:24:07, 12:03:37, 17:43:12, 19 21 41, -22 06 32, 112 07 57, -21.17, 112 05 50, -21.44, -06 58.5, 07 14 03.6
2022-01-10, 06:24:22, 12:04:02, 17:43:47, 19 26 02, -21 57 50, 111 59 19, -22.25, 111 57 06, -22.52, -07 23.1, 07 18 00.2
2022-01-11, 06:24:35, 12:04:26, 17:44:22, 19 30 23, -21 48 42, 111 50 16, -23.32, 111 47 56, -23.58, -07 47.2, 07 21 56.7
2022-01-12, 06:24:48, 12:04:50, 17:44:57, 19 34 43, -21 39 09, 111 40 46, -24.37, 111 38 20, -24.63, -08 10.6, 07 25 53.3
2022-01-13, 06:24:59, 12:05:12, 17:45:32, 19 39 02, -21 29 11, 111 30 52, -25.41, 111 28 20, -25.67, -08 33.5, 07 29 49.8
2022-01-14, 06:25:09, 12:05:35, 17:46:06, 19 43 21, -21 18 47, 111 20 33, -26.45, 111 17 54, -26.70, -08 55.7, 07 33 46.4
2022-01-15, 06:25:19, 12:05:56, 17:46:40, 19 47 39, -21 07 59, 111 09 49, -27.47, 111 07 04, -27.72, -09 17.3, 07 37 42.9
2022-01-16, 06:25:27, 12:06:17, 17:47:14, 19 51 57, -20 56 47, 110 58 41, -28.47, 110 55 50, -28.72, -09 38.2, 07 41 39.5
2022-01-17, 06:25:33, 12:06:37, 17:47:48, 19 56 13, -20 45 11, 110 47 08, -29.47, 110 44 12, -29.71, -09 58.4, 07 45 36.0
2022-01-18, 06:25:39, 12:06:57, 17:48:22, 20 00 30, -20 33 11, 110 35 12, -30.45, 110 32 10, -30.69, -10 17.9, 07 49 32.6
2022-01-19, 06:25:44, 12:07:16, 17:48:55, 20 04 45, -20 20 47, 110 22 53, -31.41, 110 19 44, -31.65, -10 36.7, 07 53 29.2
2022-01-20, 06:25:47, 12:07:34, 17:49:28, 20 09 00, -20 08 01, 110 10 10, -32.36, 110 06 56, -32.60, -10 54.8, 07 57 25.7
2022-01-21, 06:25:50, 12:07:51, 17:50:00, 20 13 13, -19 54 52, 109 57 05, -33.30, 109 53 45, -33.53, -11 12.1, 08 01 22.3
2022-01-22, 06:25:51, 12:08:08, 17:50:32, 20 17 27, -19 41 21, 109 43 38, -34.22, 109 40 12, -34.45, -11 28.7, 08 05 18.8
2022-01-23, 06:25:51, 12:08:23, 17:51:04, 20 21 39, -19 27 28, 109 29 48, -35.13, 109 26 17, -35.36, -11 44.5, 08 09 15.4
2022-01-24, 06:25:50, 12:08:38, 17:51:35, 20 25 50, -19 13 13, 109 15 37, -36.02, 109 12 01, -36.24, -11 59.5, 08 13 11.9
2022-01-25, 06:25:48, 12:08:53, 17:52:06, 20 30 01, -18 58 37, 109 01 04, -36.90, 108 57 23, -37.12, -12 13.7, 08 17 08.5
2022-01-26, 06:25:44, 12:09:06, 17:52:37, 20 34 11, -18 43 40, 108 46 11, -37.76, 108 42 24, -37.97, -12 27.2, 08 21 05.0
2022-01-27, 06:25:40, 12:09:19, 17:53:07, 20 38 20, -18 28 23, 108 30 57, -38.61, 108 27 05, -38.81, -12 39.8, 08 25 01.6
2022-01-28, 06:25:34, 12:09:31, 17:53:36, 20 42 29, -18 12 45, 108 15 23, -39.44, 108 11 26, -39.64, -12 51.7, 08 28 58.2
2022-01-29, 06:25:27, 12:09:42, 17:54:05, 20 46 36, -17 56 48, 107 59 29, -40.25, 107 55 28, -40.45, -13 02.7, 08 32 54.7
2022-01-30, 06:25:19, 12:09:52, 17:54:34, 20 50 43, -17 40 32, 107 43 16, -41.04, 107 39 10, -41.24, -13 12.9, 08 36 51.3
2022-01-31, 06:25:10, 12:10:01, 17:55:02, 20 54 49, -17 23 57, 107 26 44, -41.82, 107 22 33, -42.02, -13 22.3, 08 40 47.8
2022-02-01, 06:25:00, 12:10:10, 17:55:29, 20 58 54, -17 07 03, 107 09 53, -42.59, 107 05 38, -42.77, -13 30.9, 08 44 44.4
2022-02-02, 06:24:49, 12:10:18, 17:55:56, 21 02 59, -16 49 51, 106 52 44, -43.33, 106 48 24, -43.52, -13 38.6, 08 48 40.9
2022-02-03, 06:24:36, 12:10:24, 17:56:22, 21 07 02, -16 32 22, 106 35 18, -44.06, 106 30 53, -44.24, -13 45.6, 08 52 37.5
2022-02-04, 06:24:23, 12:10:31, 17:56:48, 21 11 05, -16 14 35, 106 17 34, -44.77, 106 13 05, -44.95, -13 51.7, 08 56 34.0
2022-02-05, 06:24:09, 12:10:36, 17:57:13, 21 15 07, -15 56 31, 105 59 33, -45.47, 105 55 00, -45.64, -13 57.0, 09 00 30.6
2022-02-06, 06:23:53, 12:10:40, 17:57:38, 21 19 08, -15 38 11, 105 41 16, -46.15, 105 36 39, -46.31, -14 01.5, 09 04 27.2
2022-02-07, 06:23:36, 12:10:44, 17:58:02, 21 23 08, -15 19 35, 105 22 42, -46.81, 105 18 01, -46.97, -14 05.2, 09 08 23.7
2022-02-08, 06:23:19, 12:10:47, 17:58:26, 21 27 07, -15 00 43, 105 03 53, -47.45, 104 59 08, -47.61, -14 08.1, 09 12 20.3
2022-02-09, 06:23:00, 12:10:49, 17:58:49, 21 31 06, -14 41 36, 104 44 48, -48.08, 104 40 00, -48.23, -14 10.3, 09 16 16.8
2022-02-10, 06:22:40, 12:10:51, 17:59:11, 21 35 04, -14 22 14, 104 25 29, -48.68, 104 20 37, -48.83, -14 11.6, 09 20 13.4
2022-02-11, 06:22:20, 12:10:51, 17:59:33, 21 39 01, -14 02 38, 104 05 55, -49.27, 104 01 00, -49.42, -14 12.2, 09 24 09.9
2022-02-12, 06:21:58, 12:10:51, 17:59:55, 21 42 57, -13 42 48, 103 46 08, -49.85, 103 41 08, -49.99, -14 12.0, 09 28 06.5
2022-02-13, 06:21:36, 12:10:50, 18:00:15, 21 46 53, -13 22 45, 103 26 06, -50.40, 103 21 04, -50.54, -14 11.0, 09 32 03.0
2022-02-14, 06:21:12, 12:10:48, 18:00:35, 21 50 48, -13 02 28, 103 05 52, -50.94, 103 00 46, -51.08, -14 09.3, 09 35 59.6
2022-02-15, 06:20:48, 12:10:46, 18:00:55, 21 54 42, -12 41 58, 102 45 24, -51.46, 102 40 15, -51.59, -14 06.9, 09 39 56.2
2022-02-16, 06:20:22, 12:10:43, 18:01:14, 21 58 35, -12 21 17, 102 24 44, -51.97, 102 19 33, -52.09, -14 03.7, 09 43 52.7
2022-02-17, 06:19:56, 12:10:39, 18:01:33, 22 02 28, -12 00 23, 102 03 53, -52.46, 101 58 38, -52.58, -13 59.8, 09 47 49.3
2022-02-18, 06:19:29, 12:10:34, 18:01:51, 22 06 20, -11 39 18, 101 42 50, -52.92, 101 37 32, -53.04, -13 55.3, 09 51 45.8
2022-02-19, 06:19:01, 12:10:29, 18:02:08, 22 10 11, -11 18 02, 101 21 35, -53.38, 101 16 15, -53.49, -13 50.0, 09 55 42.4
2022-02-20, 06:18:33, 12:10:23, 18:02:25, 22 14 02, -10 56 35, 101 00 10, -53.81, 100 54 47, -53.92, -13 44.1, 09 59 38.9
2022-02-21, 06:18:03, 12:10:16, 18:02:41, 22 17 52, -10 34 58, 100 38 35, -54.23, 100 33 10, -54.33, -13 37.5, 10 03 35.5
2022-02-22, 06:17:33, 12:10:09, 18:02:57, 22 21 41, -10 13 11, 100 16 50, -54.63, 100 11 22, -54.73, -13 30.3, 10 07 32.0
2022-02-23, 06:17:02, 12:10:01, 18:03:13, 22 25 30, -09 51 15,  99 54 55, -55.02,  99 49 25, -55.11, -13 22.4, 10 11 28.6
2022-02-24, 06:16:30, 12:09:53, 18:03:27, 22 29 18, -09 29 10,  99 32 51, -55.38,  99 27 19, -55.47, -13 13.9, 10 15 25.2
2022-02-25, 06:15:58, 12:09:44, 18:03:42, 22 33 06, -09 06 56,  99 10 39, -55.73,  99 05 05, -55.82, -13 04.9, 10 19 21.7
2022-02-26, 06:15:24, 12:09:34, 18:03:56, 22 36 53, -08 44 34,  98 48 18, -56.07,  98 42 42, -56.15, -12 55.2, 10 23 18.3
2022-02-27, 06:14:51, 12:09:24, 18:04:09, 22 40 39, -08 22 04,  98 25 50, -56.38,  98 20 12, -56.46, -12 45.0, 10 27 14.8
2022-02-28, 06:14:16, 12:09:13, 18:04:22, 22 44 25, -07 59 27,  98 03 14, -56.68,  97 57 34, -56.76, -12 34.3, 10 31 11.4
2022-03-01, 06:13:41, 12:09:02, 18:04:35, 22 48 10, -07 36 43,  97 40 31, -56.97,  97 34 49, -57.03, -12 23.0, 10 35 07.9
2022-03-02, 06:13:05, 12:08:50, 18:04:47, 22 51 55, -07 13 52,  97 17 41, -57.23,  97 11 58, -57.30, -12 11.2, 10 39 04.5
2022-03-03, 06:12:29, 12:08:38, 18:04:59, 22 55 39, -06 50 55,  96 54 45, -57.48,  96 49 00, -57.54, -11 58.9, 10 43 01.0
2022-03-04, 06:11:52, 12:08:25, 18:05:10, 22 59 23, -06 27 53,  96 31 44, -57.72,  96 25 57, -57.77, -11 46.2, 10 46 57.6
2022-03-05, 06:11:15, 12:08:12, 18:05:21, 23 03 06, -06 04 45,  96 08 36, -57.94,  96 02 49, -57.99, -11 33.0, 10 50 54.1
2022-03-06, 06:10:37, 12:07:58, 18:05:31, 23 06 49, -05 41 32,  95 45 24, -58.14,  95 39 35, -58.19, -11 19.3, 10 54 50.7
2022-03-07, 06:09:59, 12:07:44, 18:05:42, 23 10 32, -05 18 14,  95 22 07, -58.32,  95 16 17, -58.37, -11 05.3, 10 58 47.3
2022-03-08, 06:09:20, 12:07:30, 18:05:52, 23 14 14, -04 54 52,  94 58 46, -58.49,  94 52 55, -58.53, -10 50.9, 11 02 43.8
2022-03-09, 06:08:41, 12:07:15, 18:06:01, 23 17 55, -04 31 26,  94 35 21, -58.65,  94 29 29, -58.68, -10 36.0, 11 06 40.4
2022-03-10, 06:08:01, 12:07:00, 18:06:10, 23 21 37, -04 07 57,  94 11 52, -58.78,  94 05 59, -58.81, -10 20.9, 11 10 36.9
2022-03-11, 06:07:21, 12:06:44, 18:06:19, 23 25 18, -03 44 24,  93 48 20, -58.90,  93 42 26, -58.93, -10 05.4, 11 14 33.5
2022-03-12, 06:06:41, 12:06:28, 18:06:28, 23 28 59, -03 20 49,  93 24 45, -59.01,  93 18 51, -59.03, -09 49.5, 11 18 30.0
2022-03-13, 06:06:00, 12:06:12, 18:06:36, 23 32 39, -02 57 12,  93 01 08, -59.10,  92 55 14, -59.12, -09 33.4, 11 22 26.6
2022-03-14, 06:05:20, 12:05:56, 18:06:45, 23 36 19, -02 33 32,  92 37 29, -59.17,  92 31 34, -59.19, -09 17.0, 11 26 23.1
2022-03-15, 06:04:38, 12:05:39, 18:06:53, 23 39 59, -02 09 51,  92 13 48, -59.23,  92 07 53, -59.24, -09 00.4, 11 30 19.7
2022-03-16, 06:03:57, 12:05:22, 18:07:00, 23 43 39, -01 46 09,  91 50 06, -59.28,  91 44 11, -59.28, -08 43.5, 11 34 16.3
2022-03-17, 06:03:15, 12:05:05, 18:07:08, 23 47 18, -01 22 26,  91 26 23, -59.30,  91 20 28, -59.31, -08 26.4, 11 38 12.8
2022-03-18, 06:02:33, 12:04:48, 18:07:15, 23 50 57, -00 58 43,  91 02 40, -59.32,  90 56 44, -59.32, -08 09.1, 11 42 09.4
2022-03-19, 06:01:51, 12:04:31, 18:07:22, 23 54 37, -00 34 59,  90 38 56, -59.31,  90 33 00, -59.31, -07 51.6, 11 46 05.9
2022-03-20, 06:01:09, 12:04:13, 18:07:30, 23 58 16, -00 11 16,  90 15 13, -59.30,  90 09 17, -59.29, -07 34.0, 11 50 02.5
2022-03-21, 06:00:26, 12:03:55, 18:07:36, 00 01 54, +00 12 26,  89 51 30, -59.26,  89 45 34, -59.25, -07 16.2, 11 53 59.0
2022-03-22, 05:59:44, 12:03:37, 18:07:43, 00 05 33, +00 36 08,  89 27 48, -59.22,  89 21 53, -59.20, -06 58.4, 11 57 55.6
2022-03-23, 05:59:01, 12:03:19, 18:07:50, 00 09 12, +00 59 48,  89 04 07, -59.15,  88 58 13, -59.13, -06 40.4, 12 01 52.1
2022-03-24, 05:58:18, 12:03:01, 18:07:57, 00 12 50, +01 23 27,  88 40 28, -59.07,  88 34 34, -59.05, -06 22.4, 12 05 48.7
2022-03-25, 05:57:36, 12:02:43, 18:08:03, 00 16 29, +01 47 03,  88 16 52, -58.98,  88 10 58, -58.95, -06 04.3, 12 09 45.3
2022-03-26, 05:56:53, 12:02:25, 18:08:10, 00 20 07, +02 10 38,  87 53 17, -58.87,  87 47 24, -58.84, -05 46.2, 12 13 41.8
2022-03-27, 05:56:10, 12:02:07, 18:08:16, 00 23 45, +02 34 09,  87 29 45, -58.75,  87 23 53, -58.72, -05 28.1, 12 17 38.4
2022-03-28, 05:55:27, 12:01:49, 18:08:23, 00 27 24, +02 57 37,  87 06 16, -58.61,  87 00 25, -58.58, -05 10.0, 12 21 34.9
2022-03-29, 05:54:45, 12:01:31, 18:08:29, 00 31 02, +03 21 02,  86 42 51, -58.46,  86 37 00, -58.42, -04 51.9, 12 25 31.5
2022-03-30, 05:54:02, 12:01:13, 18:08:36, 00 34 41, +03 44 23,  86 19 29, -58.29,  86 13 40, -58.25, -04 33.8, 12 29 28.0
2022-03-31, 05:53:20, 12:00:55, 18:08:42, 00 38 20, +04 07 40,  85 56 12, -58.11,  85 50 23, -58.06, -04 15.9, 12 33 24.6
2022-04-01, 05:52:37, 12:00:37, 18:08:49, 00 41 58, +04 30 52,  85 32 59, -57.92,  85 27 11, -57.87, -03 58.0, 12 37 21.1
2022-04-02, 05:51:55, 12:00:19, 18:08:55, 00 45 37, +04 53 59,  85 09 51, -57.70,  85 04 05, -57.65, -03 40.2, 12 41 17.7
2022-04-03, 05:51:13, 12:00:02, 18:09:02, 00 49 16, +05 17 01,  84 46 48, -57.48,  84 41 03, -57.42, -03 22.6, 12 45 14.3
2022-04-04, 05:50:31, 11:59:44, 18:09:09, 00 52 55, +05 39 58,  84 23 50, -57.24,  84 18 07, -57.18, -03 05.1, 12 49 10.8
2022-04-05, 05:49:50, 11:59:27, 18:09:16, 00 56 34, +06 02 48,  84 00 59, -56.99,  83 55 17, -56.92, -02 47.7, 12 53 07.4
2022-04-06, 05:49:08, 11:59:10, 18:09:23, 01 00 14, +06 25 32,  83 38 14, -56.72,  83 32 33, -56.65, -02 30.6, 12 57 03.9
2022-04-07, 05:48:27, 11:58:53, 18:09:30, 01 03 53, +06 48 10,  83 15 35, -56.44,  83 09 56, -56.36, -02 13.6, 13 01 00.5
2022-04-08, 05:47:46, 11:58:36, 18:09:37, 01 07 33, +07 10 41,  82 53 03, -56.14,  82 47 26, -56.06, -01 56.9, 13 04 57.0
2022-04-09, 05:47:06, 11:58:19, 18:09:45, 01 11 13, +07 33 04,  82 30 38, -55.83,  82 25 03, -55.75, -01 40.4, 13 08 53.6
2022-04-10, 05:46:26, 11:58:03, 18:09:52, 01 14 53, +07 55 20,  82 08 21, -55.50,  82 02 48, -55.42, -01 24.1, 13 12 50.1
2022-04-11, 05:45:46, 11:57:47, 18:10:00, 01 18 34, +08 17 27,  81 46 12, -55.16,  81 40 41, -55.08, -01 08.2, 13 16 46.7
2022-04-12, 05:45:06, 11:57:31, 18:10:08, 01 22 15, +08 39 27,  81 24 12, -54.81,  81 18 43, -54.72, -00 52.5, 13 20 43.3
2022-04-13, 05:44:27, 11:57:16, 18:10:16, 01 25 56, +09 01 17,  81 02 19, -54.44,  80 56 53, -54.35, -00 37.1, 13 24 39.8
2022-04-14, 05:43:49, 11:57:01, 18:10:25, 01 29 37, +09 22 59,  80 40 36, -54.06,  80 35 12, -53.96, -00 22.0, 13 28 36.4
2022-04-15, 05:43:11, 11:56:46, 18:10:33, 01 33 19, +09 44 31,  80 19 02, -53.66,  80 13 40, -53.56, -00 07.3, 13 32 32.9
2022-04-16, 05:42:33, 11:56:32, 18:10:42, 01 37 01, +10 05 54,  79 57 38, -53.25,  79 52 19, -53.15, +00 07.0, 13 36 29.5
2022-04-17, 05:41:56, 11:56:18, 18:10:52, 01 40 44, +10 27 07,  79 36 24, -52.83,  79 31 07, -52.72, +00 21.0, 13 40 26.0
2022-04-18, 05:41:19, 11:56:04, 18:11:01, 01 44 27, +10 48 09,  79 15 20, -52.39,  79 10 05, -52.28, +00 34.6, 13 44 22.6
2022-04-19, 05:40:43, 11:55:51, 18:11:11, 01 48 10, +11 09 00,  78 54 26, -51.94,  78 49 15, -51.82, +00 47.9, 13 48 19.1
2022-04-20, 05:40:07, 11:55:38, 18:11:21, 01 51 54, +11 29 41,  78 33 44, -51.47,  78 28 35, -51.35, +01 00.7, 13 52 15.7
2022-04-21, 05:39:32, 11:55:26, 18:11:31, 01 55 38, +11 50 10,  78 13 13, -50.99,  78 08 07, -50.87, +01 13.1, 13 56 12.3
2022-04-22, 05:38:57, 11:55:14, 18:11:41, 01 59 23, +12 10 28,  77 52 54, -50.50,  77 47 51, -50.38, +01 25.1, 14 00 08.8
2022-04-23, 05:38:23, 11:55:02, 18:11:52, 02 03 08, +12 30 33,  77 32 46, -49.99,  77 27 46, -49.86, +01 36.6, 14 04 05.4
2022-04-24, 05:37:50, 11:54:51, 18:12:03, 02 06 53, +12 50 26,  77 12 51, -49.47,  77 07 54, -49.34, +01 47.6, 14 08 01.9
2022-04-25, 05:37:17, 11:54:41, 18:12:15, 02 10 39, +13 10 07,  76 53 08, -48.94,  76 48 15, -48.80, +01 58.2, 14 11 58.5
2022-04-26, 05:36:45, 11:54:30, 18:12:26, 02 14 26, +13 29 34,  76 33 39, -48.39,  76 28 48, -48.25, +02 08.3, 14 15 55.0
2022-04-27, 05:36:14, 11:54:21, 18:12:39, 02 18 13, +13 48 48,  76 14 22, -47.83,  76 09 35, -47.69, +02 17.9, 14 19 51.6
2022-04-28, 05:35:43, 11:54:12, 18:12:51, 02 22 00, +14 07 48,  75 55 20, -47.25,  75 50 36, -47.11, +02 27.1, 14 23 48.1
2022-04-29, 05:35:13, 11:54:03, 18:13:04, 02 25 48, +14 26 35,  75 36 31, -46.66,  75 31 51, -46.52, +02 35.7, 14 27 44.7
2022-04-30, 05:34:44, 11:53:55, 18:13:17, 02 29 36, +14 45 07,  75 17 56, -46.06,  75 13 20, -45.91, +02 43.7, 14 31 41.3
2022-05-01, 05:34:16, 11:53:48, 18:13:30, 02 33 25, +15 03 25,  74 59 36, -45.45,  74 55 04, -45.29, +02 51.3, 14 35 37.8
2022-05-02, 05:33:48, 11:53:41, 18:13:43, 02 37 15, +15 21 27,  74 41 31, -44.82,  74 37 02, -44.66, +02 58.3, 14 39 34.4
2022-05-03, 05:33:21, 11:53:34, 18:13:57, 02 41 05, +15 39 15,  74 23 41, -44.18,  74 19 16, -44.02, +03 04.8, 14 43 30.9
2022-05-04, 05:32:55, 11:53:28, 18:14:12, 02 44 56, +15 56 46,  74 06 07, -43.52,  74 01 46, -43.36, +03 10.7, 14 47 27.5
2022-05-05, 05:32:29, 11:53:23, 18:14:26, 02 48 47, +16 14 02,  73 48 48, -42.85,  73 44 31, -42.69, +03 16.1, 14 51 24.0
2022-05-06, 05:32:04, 11:53:18, 18:14:41, 02 52 39, +16 31 02,  73 31 46, -42.17,  73 27 33, -42.00, +03 20.9, 14 55 20.6
2022-05-07, 05:31:41, 11:53:14, 18:14:56, 02 56 31, +16 47 45,  73 15 00, -41.48,  73 10 51, -41.31, +03 25.1, 14 59 17.1
2022-05-08, 05:31:18, 11:53:10, 18:15:12, 03 00 24, +17 04 12,  72 58 31, -40.78,  72 54 26, -40.60, +03 28.8, 15 03 13.7
2022-05-09, 05:30:55, 11:53:07, 18:15:28, 03 04 17, +17 20 21,  72 42 18, -40.06,  72 38 18, -39.88, +03 31.9, 15 07 10.2
2022-05-10, 05:30:34, 11:53:04, 18:15:44, 03 08 11, +17 36 13,  72 26 24, -39.33,  72 22 28, -39.14, +03 34.5, 15 11 06.8
2022-05-11, 05:30:14, 11:53:02, 18:16:00, 03 12 06, +17 51 47,  72 10 46, -38.58,  72 06 55, -38.40, +03 36.4, 15 15 03.4
2022-05-12, 05:29:54, 11:53:01, 18:16:17, 03 16 01, +18 07 03,  71 55 27, -37.83,  71 51 40, -37.64, +03 37.8, 15 18 59.9
2022-05-13, 05:29:35, 11:53:00, 18:16:34, 03 19 57, +18 22 01,  71 40 26, -37.06,  71 36 44, -36.87, +03 38.6, 15 22 56.5
2022-05-14, 05:29:18, 11:53:00, 18:16:51, 03 23 53, +18 36 41,  71 25 43, -36.28,  71 22 06, -36.09, +03 38.9, 15 26 53.0
2022-05-15, 05:29:01, 11:53:00, 18:17:08, 03 27 50, +18 51 01,  71 11 20, -35.49,  71 07 47, -35.29, +03 38.6, 15 30 49.6
2022-05-16, 05:28:44, 11:53:01, 18:17:26, 03 31 47, +19 05 03,  70 57 15, -34.69,  70 53 47, -34.49, +03 37.7, 15 34 46.1
2022-05-17, 05:28:29, 11:53:03, 18:17:44, 03 35 45, +19 18 45,  70 43 30, -33.88,  70 40 07, -33.67, +03 36.2, 15 38 42.7
2022-05-18, 05:28:15, 11:53:05, 18:18:02, 03 39 44, +19 32 07,  70 30 04, -33.05,  70 26 46, -32.84, +03 34.2, 15 42 39.2
2022-05-19, 05:28:02, 11:53:07, 18:18:20, 03 43 43, +19 45 10,  70 16 58, -32.22,  70 13 45, -32.01, +03 31.7, 15 46 35.8
2022-05-20, 05:27:49, 11:53:10, 18:18:39, 03 47 43, +19 57 52,  70 04 13, -31.37,  70 01 05, -31.16, +03 28.6, 15 50 32.4
2022-05-21, 05:27:38, 11:53:14, 18:18:58, 03 51 43, +20 10 14,  69 51 48, -30.51,  69 48 44, -30.30, +03 24.9, 15 54 28.9
2022-05-22, 05:27:27, 11:53:18, 18:19:16, 03 55 44, +20 22 15,  69 39 43, -29.65,  69 36 45, -29.43, +03 20.7, 15 58 25.5
2022-05-23, 05:27:17, 11:53:23, 18:19:35, 03 59 45, +20 33 55,  69 27 59, -28.77,  69 25 07, -28.55, +03 16.0, 16 02 22.0
2022-05-24, 05:27:08, 11:53:28, 18:19:55, 04 03 47, +20 45 14,  69 16 37, -27.88,  69 13 50, -27.66, +03 10.8, 16 06 18.6
2022-05-25, 05:27:00, 11:53:34, 18:20:14, 04 07 49, +20 56 11,  69 05 36, -26.98,  69 02 54, -26.76, +03 05.1, 16 10 15.1
2022-05-26, 05:26:53, 11:53:40, 18:20:33, 04 11 52, +21 06 47,  68 54 56, -26.08,  68 52 20, -25.85, +02 58.9, 16 14 11.7
2022-05-27, 05:26:47, 11:53:47, 18:20:52, 04 15 55, +21 17 01,  68 44 39, -25.16,  68 42 08, -24.93, +02 52.2, 16 18 08.2
2022-05-28, 05:26:42, 11:53:54, 18:21:12, 04 19 59, +21 26 53,  68 34 43, -24.24,  68 32 17, -24.01, +02 45.0, 16 22 04.8
2022-05-29, 05:26:38, 11:54:01, 18:21:31, 04 24 03, +21 36 23,  68 25 09, -23.31,  68 22 50, -23.07, +02 37.4, 16 26 01.4
2022-05-30, 05:26:34, 11:54:10, 18:21:50, 04 28 08, +21 45 30,  68 15 59, -22.37,  68 13 44, -22.13, +02 29.3, 16 29 57.9
2022-05-31, 05:26:32, 11:54:18, 18:22:10, 04 32 13, +21 54 15,  68 07 10, -21.42,  68 05 02, -21.18, +02 20.8, 16 33 54.5
2022-06-01, 05:26:30, 11:54:27, 18:22:29, 04 36 18, +22 02 36,  67 58 45, -20.46,  67 56 42, -20.22, +02 11.9, 16 37 51.0
2022-06-02, 05:26:29, 11:54:36, 18:22:48, 04 40 24, +22 10 35,  67 50 42, -19.50,  67 48 45, -19.25, +02 02.6, 16 41 47.6
2022-06-03, 05:26:29, 11:54:46, 18:23:08, 04 44 30, +22 18 10,  67 43 03, -18.53,  67 41 12, -18.28, +01 52.9, 16 45 44.1
2022-06-04, 05:26:30, 11:54:56, 18:23:27, 04 48 37, +22 25 22,  67 35 47, -17.55,  67 34 02, -17.30, +01 42.8, 16 49 40.7
2022-06-05, 05:26:31, 11:55:06, 18:23:46, 04 52 44, +22 32 10,  67 28 55, -16.57,  67 27 16, -16.32, +01 32.4, 16 53 37.2
2022-06-06, 05:26:34, 11:55:17, 18:24:04, 04 56 51, +22 38 35,  67 22 26, -15.57,  67 20 53, -15.33, +01 21.7, 16 57 33.8
2022-06-07, 05:26:37, 11:55:28, 18:24:23, 05 00 59, +22 44 36,  67 16 22, -14.58,  67 14 54, -14.33, +01 10.6, 17 01 30.4
2022-06-08, 05:26:41, 11:55:40, 18:24:41, 05 05 07, +22 50 13,  67 10 41, -13.58,  67 09 19, -13.33, +00 59.3, 17 05 26.9
2022-06-09, 05:26:46, 11:55:51, 18:24:59, 05 09 15, +22 55 26,  67 05 24, -12.57,  67 04 08, -12.32, +00 47.7, 17 09 23.5
2022-06-10, 05:26:52, 11:56:03, 18:25:17, 05 13 23, +23 00 14,  67 00 31, -11.56,  66 59 22, -11.31, +00 35.9, 17 13 20.0
2022-06-11, 05:26:58, 11:56:15, 18:25:35, 05 17 32, +23 04 39,  66 56 03, -10.55,  66 54 59, -10.29, +00 23.8, 17 17 16.6
2022-06-12, 05:27:05, 11:56:27, 18:25:52, 05 21 41, +23 08 39,  66 51 59, -09.53,  66 51 01, -09.28, +00 11.6, 17 21 13.1
2022-06-13, 05:27:13, 11:56:40, 18:26:09, 05 25 50, +23 12 14,  66 48 19, -08.51,  66 47 28, -08.25, -00 00.8, 17 25 09.7
2022-06-14, 05:27:21, 11:56:52, 18:26:26, 05 29 59, +23 15 25,  66 45 04, -07.49,  66 44 19, -07.23, -00 13.4, 17 29 06.2
2022-06-15, 05:27:30, 11:57:05, 18:26:42, 05 34 08, +23 18 11,  66 42 14, -06.46,  66 41 35, -06.20, -00 26.2, 17 33 02.8
2022-06-16, 05:27:40, 11:57:18, 18:26:58, 05 38 17, +23 20 33,  66 39 48, -05.43,  66 39 15, -05.17, -00 39.0, 17 36 59.4
2022-06-17, 05:27:50, 11:57:31, 18:27:13, 05 42 27, +23 22 30,  66 37 47, -04.40,  66 37 20, -04.14, -00 52.0, 17 40 55.9
2022-06-18, 05:28:01, 11:57:44, 18:27:28, 05 46 37, +23 24 02,  66 36 11, -03.37,  66 35 50, -03.11, -01 05.0, 17 44 52.5
2022-06-19, 05:28:12, 11:57:57, 18:27:42, 05 50 46, +23 25 09,  66 34 59, -02.33,  66 34 45, -02.08, -01 18.1, 17 48 49.0
2022-06-20, 05:28:25, 11:58:10, 18:27:56, 05 54 56, +23 25 52,  66 34 12, -01.30,  66 34 05, -01.04, -01 31.1, 17 52 45.6
2022-06-21, 05:28:37, 11:58:23, 18:28:09, 05 59 05, +23 26 10,  66 33 50, -00.27,  66 33 49, -00.01, -01 44.2, 17 56 42.1
2022-06-22, 05:28:50, 11:58:36, 18:28:22, 06 03 15, +23 26 03,  66 33 53, +00.77,  66 33 58, +01.02, -01 57.3, 18 00 38.7
2022-06-23, 05:29:04, 11:58:49, 18:28:34, 06 07 25, +23 25 31,  66 34 21, +01.80,  66 34 32, +02.06, -02 10.3, 18 04 35.2
2022-06-24, 05:29:18, 11:59:02, 18:28:46, 06 11 34, +23 24 34,  66 35 13, +02.83,  66 35 30, +03.09, -02 23.2, 18 08 31.8
2022-06-25, 05:29:32, 11:59:15, 18:28:57, 06 15 43, +23 23 13,  66 36 31, +03.86,  66 36 54, +04.12, -02 36.0, 18 12 28.4
2022-06-26, 05:29:47, 11:59:28, 18:29:07, 06 19 53, +23 21 27,  66 38 13, +04.89,  66 38 42, +05.14, -02 48.7, 18 16 24.9
2022-06-27, 05:30:02, 11:59:40, 18:29:17, 06 24 02, +23 19 16,  66 40 19, +05.91,  66 40 55, +06.17, -03 01.3, 18 20 21.5
2022-06-28, 05:30:18, 11:59:53, 18:29:26, 06 28 11, +23 16 41,  66 42 50, +06.94,  66 43 32, +07.19, -03 13.7, 18 24 18.0
2022-06-29, 05:30:34, 12:00:05, 18:29:34, 06 32 20, +23 13 41,  66 45 46, +07.96,  66 46 34, +08.21, -03 25.9, 18 28 14.6
2022-06-30, 05:30:50, 12:00:17, 18:29:41, 06 36 28, +23 10 17,  66 49 06, +08.97,  66 50 00, +09.23, -03 37.9, 18 32 11.1
2022-07-01, 05:31:07, 12:00:29, 18:29:48, 06 40 36, +23 06 29,  66 52 51, +09.99,  66 53 51, +10.24, -03 49.6, 18 36 07.7
2022-07-02, 05:31:23, 12:00:40, 18:29:54, 06 44 44, +23 02 16,  66 56 59, +10.99,  66 58 05, +11.24, -04 01.1, 18 40 04.2
2022-07-03, 05:31:40, 12:00:51, 18:29:59, 06 48 52, +22 57 39,  67 01 32, +12.00,  67 02 44, +12.25, -04 12.4, 18 44 00.8
2022-07-04, 05:31:58, 12:01:02, 18:30:03, 06 53 00, +22 52 38,  67 06 29, +13.00,  67 07 47, +13.24, -04 23.3, 18 47 57.3
2022-07-05, 05:32:15, 12:01:13, 18:30:07, 06 57 07, +22 47 13,  67 11 50, +13.99,  67 13 14, +14.24, -04 33.9, 18 51 53.9
2022-07-06, 05:32:33, 12:01:23, 18:30:10, 07 01 14, +22 41 25,  67 17 35, +14.98,  67 19 05, +15.22, -04 44.1, 18 55 50.5
2022-07-07, 05:32:50, 12:01:33, 18:30:12, 07 05 20, +22 35 12,  67 23 43, +15.96,  67 25 19, +16.20, -04 54.0, 18 59 47.0
2022-07-08, 05:33:08, 12:01:43, 18:30:13, 07 09 26, +22 28 37,  67 30 15, +16.93,  67 31 56, +17.18, -05 03.6, 19 03 43.6
2022-07-09, 05:33:26, 12:01:52, 18:30:13, 07 13 32, +22 21 38,  67 37 10, +17.90,  67 38 57, +18.14, -05 12.7, 19 07 40.1
2022-07-10, 05:33:44, 12:02:00, 18:30:12, 07 17 37, +22 14 16,  67 44 28, +18.86,  67 46 21, +19.10, -05 21.4, 19 11 36.7
2022-07-11, 05:34:02, 12:02:09, 18:30:10, 07 21 42, +22 06 30,  67 52 09, +19.82,  67 54 08, +20.05, -05 29.7, 19 15 33.2
2022-07-12, 05:34:20, 12:02:16, 18:30:08, 07 25 46, +21 58 23,  68 00 14, +20.76,  68 02 18, +21.00, -05 37.5, 19 19 29.8
2022-07-13, 05:34:38, 12:02:24, 18:30:04, 07 29 50, +21 49 52,  68 08 40, +21.70,  68 10 50, +21.93, -05 44.9, 19 23 26.3
2022-07-14, 05:34:56, 12:02:31, 18:30:00, 07 33 54, +21 40 59,  68 17 29, +22.63,  68 19 45, +22.86, -05 51.8, 19 27 22.9
2022-07-15, 05:35:14, 12:02:37, 18:29:55, 07 37 57, +21 31 44,  68 26 41, +23.55,  68 29 02, +23.78, -05 58.3, 19 31 19.5
2022-07-16, 05:35:32, 12:02:43, 18:29:49, 07 41 59, +21 22 07,  68 36 14, +24.46,  68 38 41, +24.69, -06 04.2, 19 35 16.0
2022-07-17, 05:35:49, 12:02:48, 18:29:41, 07 46 01, +21 12 08,  68 46 09, +25.36,  68 48 42, +25.59, -06 09.6, 19 39 12.6
2022-07-18, 05:36:07, 12:02:53, 18:29:33, 07 50 03, +21 01 48,  68 56 26, +26.26,  68 59 04, +26.48, -06 14.4, 19 43 09.1
2022-07-19, 05:36:24, 12:02:58, 18:29:24, 07 54 04, +20 51 06,  69 07 04, +27.14,  69 09 47, +27.36, -06 18.8, 19 47 05.7
2022-07-20, 05:36:42, 12:03:01, 18:29:14, 07 58 04, +20 40 03,  69 18 04, +28.02,  69 20 52, +28.23, -06 22.5, 19 51 02.2
2022-07-21, 05:36:59, 12:03:05, 18:29:03, 08 02 04, +20 28 40,  69 29 24, +28.88,  69 32 17, +29.09, -06 25.8, 19 54 58.8
2022-07-22, 05:37:16, 12:03:07, 18:28:52, 08 06 03, +20 16 55,  69 41 05, +29.73,  69 44 03, +29.95, -06 28.4, 19 58 55.3
2022-07-23, 05:37:33, 12:03:09, 18:28:39, 08 10 01, +20 04 51,  69 53 06, +30.58,  69 56 10, +30.79, -06 30.5, 20 02 51.9
2022-07-24, 05:37:49, 12:03:11, 18:28:25, 08 14 00, +19 52 26,  70 05 28, +31.41,  70 08 36, +31.62, -06 32.0, 20 06 48.5
2022-07-25, 05:38:06, 12:03:12, 18:28:10, 08 17 57, +19 39 41,  70 18 09, +32.23,  70 21 22, +32.44, -06 32.9, 20 10 45.0
2022-07-26, 05:38:22, 12:03:12, 18:27:55, 08 21 54, +19 26 37,  70 31 10, +33.04,  70 34 28, +33.24, -06 33.3, 20 14 41.6
2022-07-27, 05:38:38, 12:03:12, 18:27:38, 08 25 50, +19 13 14,  70 44 30, +33.84,  70 47 53, +34.04, -06 33.0, 20 18 38.1
2022-07-28, 05:38:53, 12:03:11, 18:27:21, 08 29 46, +18 59 31,  70 58 09, +34.63,  71 01 37, +34.83, -06 32.1, 20 22 34.7
2022-07-29, 05:39:09, 12:03:10, 18:27:02, 08 33 41, +18 45 30,  71 12 08, +35.41,  71 15 40, +35.60, -06 30.6, 20 26 31.2
2022-07-30, 05:39:24, 12:03:07, 18:26:43, 08 37 35, +18 31 10,  71 26 24, +36.17,  71 30 01, +36.36, -06 28.5, 20 30 27.8
2022-07-31, 05:39:38, 12:03:05, 18:26:23, 08 41 29, +18 16 32,  71 40 59, +36.93,  71 44 41, +37.11, -06 25.8, 20 34 24.3
2022-08-01, 05:39:53, 12:03:01, 18:26:01, 08 45 23, +18 01 36,  71 55 52, +37.67,  71 59 38, +37.85, -06 22.5, 20 38 20.9
2022-08-02, 05:40:07, 12:02:58, 18:25:39, 08 49 15, +17 46 23,  72 11 03, +38.40,  72 14 53, +38.58, -06 18.6, 20 42 17.5
2022-08-03, 05:40:21, 12:02:53, 18:25:16, 08 53 07, +17 30 52,  72 26 31, +39.12,  72 30 26, +39.29, -06 14.1, 20 46 14.0
2022-08-04, 05:40:34, 12:02:48, 18:24:53, 08 56 59, +17 15 04,  72 42 16, +39.82,  72 46 15, +39.99, -06 09.0, 20 50 10.6
2022-08-05, 05:40:47, 12:02:42, 18:24:28, 09 00 49, +16 58 59,  72 58 18, +40.51,  73 02 21, +40.69, -06 03.3, 20 54 07.1
2022-08-06, 05:41:00, 12:02:36, 18:24:02, 09 04 40, +16 42 38,  73 14 37, +41.19,  73 18 44, +41.36, -05 56.9, 20 58 03.7
2022-08-07, 05:41:12, 12:02:29, 18:23:36, 09 08 29, +16 26 00,  73 31 11, +41.86,  73 35 23, +42.03, -05 50.0, 21 02 00.2
2022-08-08, 05:41:24, 12:02:21, 18:23:09, 09 12 18, +16 09 07,  73 48 02, +42.52,  73 52 17, +42.68, -05 42.5, 21 05 56.8
2022-08-09, 05:41:36, 12:02:13, 18:22:41, 09 16 07, +15 51 58,  74 05 08, +43.16,  74 09 27, +43.32, -05 34.4, 21 09 53.3
2022-08-10, 05:41:47, 12:02:05, 18:22:12, 09 19 55, +15 34 34,  74 22 30, +43.79,  74 26 52, +43.95, -05 25.7, 21 13 49.9
2022-08-11, 05:41:58, 12:01:55, 18:21:42, 09 23 42, +15 16 55,  74 40 06, +44.41,  74 44 33, +44.56, -05 16.5, 21 17 46.5
2022-08-12, 05:42:09, 12:01:46, 18:21:12, 09 27 29, +14 59 02,  74 57 57, +45.01,  75 02 28, +45.16, -05 06.6, 21 21 43.0
2022-08-13, 05:42:19, 12:01:35, 18:20:41, 09 31 15, +14 40 54,  75 16 03, +45.60,  75 20 37, +45.75, -04 56.3, 21 25 39.6
2022-08-14, 05:42:29, 12:01:24, 18:20:09, 09 35 01, +14 22 32,  75 34 23, +46.18,  75 39 00, +46.32, -04 45.3, 21 29 36.1
2022-08-15, 05:42:39, 12:01:13, 18:19:36, 09 38 46, +14 03 56,  75 52 56, +46.74,  75 57 37, +46.88, -04 33.9, 21 33 32.7
2022-08-16, 05:42:48, 12:01:01, 18:19:03, 09 42 30, +13 45 07,  76 11 43, +47.30,  76 16 27, +47.43, -04 21.8, 21 37 29.2
2022-08-17, 05:42:57, 12:00:48, 18:18:29, 09 46 14, +13 26 05,  76 30 43, +47.84,  76 35 30, +47.97, -04 09.3, 21 41 25.8
2022-08-18, 05:43:06, 12:00:35, 18:17:54, 09 49 58, +13 06 50,  76 49 56, +48.36,  76 54 46, +48.49, -03 56.3, 21 45 22.3
2022-08-19, 05:43:14, 12:00:22, 18:17:19, 09 53 41, +12 47 22,  77 09 21, +48.88,  77 14 15, +49.00, -03 42.7, 21 49 18.9
2022-08-20, 05:43:22, 12:00:08, 18:16:43, 09 57 23, +12 27 43,  77 28 59, +49.38,  77 33 55, +49.50, -03 28.7, 21 53 15.5
2022-08-21, 05:43:29, 11:59:53, 18:16:06, 10 01 05, +12 07 51,  77 48 48, +49.86,  77 53 48, +49.98, -03 14.2, 21 57 12.0
2022-08-22, 05:43:36, 11:59:38, 18:15:29, 10 04 47, +11 47 48,  78 08 49, +50.34,  78 13 51, +50.45, -02 59.2, 22 01 08.6
2022-08-23, 05:43:43, 11:59:23, 18:14:51, 10 08 28, +11 27 34,  78 29 02, +50.80,  78 34 06, +50.91, -02 43.8, 22 05 05.1
2022-08-24, 05:43:50, 11:59:07, 18:14:12, 10 12 09, +11 07 09,  78 49 25, +51.24,  78 54 32, +51.35, -02 27.9, 22 09 01.7
2022-08-25, 05:43:56, 11:58:51, 18:13:33, 10 15 49, +10 46 34,  79 09 58, +51.68,  79 15 09, +51.78, -02 11.6, 22 12 58.2
2022-08-26, 05:44:02, 11:58:34, 18:12:54, 10 19 29, +10 25 48,  79 30 43, +52.10,  79 35 55, +52.20, -01 54.9, 22 16 54.8
2022-08-27, 05:44:08, 11:58:17, 18:12:14, 10 23 08, +10 04 53,  79 51 37, +52.50,  79 56 52, +52.60, -01 37.8, 22 20 51.3
2022-08-28, 05:44:14, 11:57:59, 18:11:33, 10 26 47, +09 43 47,  80 12 40, +52.90,  80 17 58, +52.99, -01 20.4, 22 24 47.9
2022-08-29, 05:44:19, 11:57:41, 18:10:52, 10 30 26, +09 22 33,  80 33 53, +53.28,  80 39 13, +53.37, -01 02.5, 22 28 44.5
2022-08-30, 05:44:24, 11:57:23, 18:10:11, 10 34 04, +09 01 09,  80 55 15, +53.64,  81 00 37, +53.73, -00 44.3, 22 32 41.0
2022-08-31, 05:44:29, 11:57:05, 18:09:29, 10 37 42, +08 39 37,  81 16 46, +54.00,  81 22 10, +54.08, -00 25.8, 22 36 37.6
2022-09-01, 05:44:33, 11:56:46, 18:08:47, 10 41 20, +08 17 57,  81 38 25, +54.34,  81 43 51, +54.42, -00 07.0, 22 40 34.1
2022-09-02, 05:44:38, 11:56:27, 18:08:04, 10 44 58, +07 56 08,  82 00 12, +54.66,  82 05 40, +54.74, +00 12.1, 22 44 30.7
2022-09-03, 05:44:42, 11:56:07, 18:07:21, 10 48 35, +07 34 12,  82 22 07, +54.98,  82 27 37, +55.05, +00 31.5, 22 48 27.2
2022-09-04, 05:44:46, 11:55:48, 18:06:38, 10 52 12, +07 12 09,  82 44 09, +55.28,  82 49 41, +55.35, +00 51.2, 22 52 23.8
2022-09-05, 05:44:49, 11:55:28, 18:05:54, 10 55 48, +06 49 59,  83 06 18, +55.56,  83 11 51, +55.63, +01 11.1, 22 56 20.3
2022-09-06, 05:44:53, 11:55:08, 18:05:10, 10 59 25, +06 27 42,  83 28 34, +55.84,  83 34 09, +55.90, +01 31.3, 23 00 16.9
2022-09-07, 05:44:56, 11:54:47, 18:04:26, 11 03 01, +06 05 18,  83 50 57, +56.09,  83 56 33, +56.16, +01 51.6, 23 04 13.4
2022-09-08, 05:45:00, 11:54:27, 18:03:42, 11 06 37, +05 42 49,  84 13 25, +56.34,  84 19 03, +56.40, +02 12.2, 23 08 10.0
2022-09-09, 05:45:03, 11:54:06, 18:02:57, 11 10 13, +05 20 13,  84 35 59, +56.57,  84 41 39, +56.63, +02 32.9, 23 12 06.6
2022-09-10, 05:45:06, 11:53:45, 18:02:12, 11 13 48, +04 57 33,  84 58 39, +56.79,  85 04 20, +56.84, +02 53.8, 23 16 03.1
2022-09-11, 05:45:09, 11:53:24, 18:01:27, 11 17 24, +04 34 47,  85 21 24, +57.00,  85 27 06, +57.05, +03 14.9, 23 19 59.7
2022-09-12, 05:45:12, 11:53:03, 18:00:42, 11 20 59, +04 11 57,  85 44 14, +57.19,  85 49 57, +57.23, +03 36.0, 23 23 56.2
2022-09-13, 05:45:15, 11:52:42, 17:59:56, 11 24 34, +03 49 02,  86 07 08, +57.36,  86 12 52, +57.41, +03 57.3, 23 27 52.8
2022-09-14, 05:45:18, 11:52:20, 17:59:11, 11 28 10, +03 26 03,  86 30 06, +57.53,  86 35 51, +57.57, +04 18.6, 23 31 49.3
2022-09-15, 05:45:20, 11:51:59, 17:58:25, 11 31 45, +03 03 00,  86 53 08, +57.68,  86 58 54, +57.71, +04 40.0, 23 35 45.9
2022-09-16, 05:45:23, 11:51:37, 17:57:40, 11 35 20, +02 39 54,  87 16 14, +57.81,  87 22 00, +57.85, +05 01.4, 23 39 42.4
2022-09-17, 05:45:26, 11:51:16, 17:56:54, 11 38 55, +02 16 45,  87 39 22, +57.94,  87 45 10, +57.97, +05 22.8, 23 43 39.0
2022-09-18, 05:45:29, 11:50:55, 17:56:08, 11 42 30, +01 53 33,  88 02 34, +58.05,  88 08 22, +58.07, +05 44.3, 23 47 35.6
2022-09-19, 05:45:32, 11:50:33, 17:55:23, 11 46 05, +01 30 19,  88 25 48, +58.14,  88 31 37, +58.16, +06 05.7, 23 51 32.1
2022-09-20, 05:45:35, 11:50:12, 17:54:37, 11 49 41, +01 07 02,  88 49 04, +58.22,  88 54 53, +58.24, +06 27.1, 23 55 28.7
2022-09-21, 05:45:37, 11:49:50, 17:53:51, 11 53 16, +00 43 44,  89 12 22, +58.29,  89 18 11, +58.30, +06 48.4, 23 59 25.2
2022-09-22, 05:45:41, 11:49:29, 17:53:06, 11 56 51, +00 20 24,  89 35 41, +58.34,  89 41 31, +58.35, +07 09.6, 00 03 21.8
2022-09-23, 05:45:44, 11:49:08, 17:52:20, 12 00 27, -00 02 55,  89 59 02, +58.38,  90 04 52, +58.38, +07 30.8, 00 07 18.3
2022-09-24, 05:45:47, 11:48:47, 17:51:35, 12 04 02, -00 26 17,  90 22 23, +58.40,  90 28 13, +58.41, +07 51.8, 00 11 14.9
2022-09-25, 05:45:50, 11:48:26, 17:50:50, 12 07 38, -00 49 38,  90 45 45, +58.41,  90 51 35, +58.41, +08 12.6, 00 15 11.4
2022-09-26, 05:45:54, 11:48:05, 17:50:05, 12 11 14, -01 13 00,  91 09 07, +58.41,  91 14 57, +58.41, +08 33.4, 00 19 08.0
2022-09-27, 05:45:58, 11:47:45, 17:49:20, 12 14 50, -01 36 22,  91 32 28, +58.39,  91 38 19, +58.38, +08 53.9, 00 23 04.6
2022-09-28, 05:46:02, 11:47:25, 17:48:35, 12 18 26, -01 59 43,  91 55 49, +58.36,  92 01 40, +58.35, +09 14.2, 00 27 01.1
2022-09-29, 05:46:06, 11:47:05, 17:47:51, 12 22 02, -02 23 03,  92 19 10, +58.31,  92 24 59, +58.29, +09 34.3, 00 30 57.7
2022-09-30, 05:46:10, 11:46:45, 17:47:07, 12 25 39, -02 46 21,  92 42 28, +58.25,  92 48 18, +58.23, +09 54.1, 00 34 54.2
2022-10-01, 05:46:15, 11:46:25, 17:46:23, 12 29 16, -03 09 38,  93 05 46, +58.17,  93 11 35, +58.15, +10 13.7, 00 38 50.8
2022-10-02, 05:46:20, 11:46:06, 17:45:40, 12 32 53, -03 32 53,  93 29 01, +58.08,  93 34 50, +58.05, +10 33.0, 00 42 47.3
2022-10-03, 05:46:25, 11:45:47, 17:44:57, 12 36 31, -03 56 06,  93 52 14, +57.97,  93 58 02, +57.94, +10 52.0, 00 46 43.9
2022-10-04, 05:46:30, 11:45:28, 17:44:14, 12 40 09, -04 19 16,  94 15 24, +57.85,  94 21 11, +57.82, +11 10.6, 00 50 40.4
2022-10-05, 05:46:36, 11:45:10, 17:43:32, 12 43 47, -04 42 22,  94 38 32, +57.72,  94 44 18, +57.68, +11 29.0, 00 54 37.0
2022-10-06, 05:46:42, 11:44:52, 17:42:50, 12 47 26, -05 05 26,  95 01 35, +57.56,  95 07 21, +57.52, +11 46.9, 00 58 33.6
2022-10-07, 05:46:48, 11:44:34, 17:42:08, 12 51 05, -05 28 25,  95 24 35, +57.40,  95 30 20, +57.35, +12 04.5, 01 02 30.1
2022-10-08, 05:46:55, 11:44:17, 17:41:27, 12 54 44, -05 51 20,  95 47 31, +57.22,  95 53 15, +57.17, +12 21.6, 01 06 26.7
2022-10-09, 05:47:02, 11:44:00, 17:40:47, 12 58 24, -06 14 11,  96 10 23, +57.02,  96 16 05, +56.97, +12 38.3, 01 10 23.2
2022-10-10, 05:47:10, 11:43:44, 17:40:07, 13 02 04, -06 36 57,  96 33 09, +56.81,  96 38 50, +56.75, +12 54.6, 01 14 19.8
2022-10-11, 05:47:18, 11:43:28, 17:39:27, 13 05 45, -06 59 37,  96 55 51, +56.58,  97 01 30, +56.52, +13 10.4, 01 18 16.3
2022-10-12, 05:47:26, 11:43:13, 17:38:48, 13 09 26, -07 22 12,  97 18 27, +56.34,  97 24 05, +56.27, +13 25.8, 01 22 12.9
2022-10-13, 05:47:35, 11:42:58, 17:38:10, 13 13 08, -07 44 41,  97 40 56, +56.08,  97 46 33, +56.01, +13 40.6, 01 26 09.4
2022-10-14, 05:47:44, 11:42:44, 17:37:32, 13 16 50, -08 07 03,  98 03 20, +55.80,  98 08 55, +55.73, +13 54.9, 01 30 06.0
2022-10-15, 05:47:53, 11:42:30, 17:36:55, 13 20 33, -08 29 19,  98 25 37, +55.52,  98 31 10, +55.44, +14 08.7, 01 34 02.6
2022-10-16, 05:48:03, 11:42:17, 17:36:19, 13 24 16, -08 51 27,  98 47 46, +55.21,  98 53 18, +55.13, +14 21.9, 01 37 59.1
2022-10-17, 05:48:14, 11:42:04, 17:35:43, 13 28 00, -09 13 28,  99 09 48, +54.89,  99 15 18, +54.80, +14 34.5, 01 41 55.7
2022-10-18, 05:48:25, 11:41:52, 17:35:08, 13 31 45, -09 35 21,  99 31 43, +54.55,  99 37 10, +54.46, +14 46.6, 01 45 52.2
2022-10-19, 05:48:37, 11:41:41, 17:34:33, 13 35 30, -09 57 06,  99 53 29, +54.20,  99 58 54, +54.10, +14 58.0, 01 49 48.8
2022-10-20, 05:48:49, 11:41:30, 17:34:00, 13 39 15, -10 18 42, 100 15 06, +53.83, 100 20 29, +53.73, +15 08.8, 01 53 45.3
2022-10-21, 05:49:01, 11:41:20, 17:33:27, 13 43 02, -10 40 08, 100 36 35, +53.44, 100 41 55, +53.34, +15 19.0, 01 57 41.9
2022-10-22, 05:49:14, 11:41:10, 17:32:55, 13 46 49, -11 01 26, 100 57 53, +53.04, 101 03 12, +52.93, +15 28.5, 02 01 38.4
2022-10-23, 05:49:28, 11:41:01, 17:32:24, 13 50 37, -11 22 33, 101 19 03, +52.62, 101 24 18, +52.51, +15 37.4, 02 05 35.0
2022-10-24, 05:49:42, 11:40:53, 17:31:53, 13 54 25, -11 43 30, 101 40 02, +52.18, 101 45 15, +52.07, +15 45.5, 02 09 31.6
2022-10-25, 05:49:57, 11:40:46, 17:31:24, 13 58 14, -12 04 17, 102 00 50, +51.73, 102 06 00, +51.61, +15 53.0, 02 13 28.1
2022-10-26, 05:50:12, 11:40:39, 17:30:55, 14 02 04, -12 24 52, 102 21 27, +51.26, 102 26 35, +51.14, +15 59.7, 02 17 24.7
2022-10-27, 05:50:28, 11:40:33, 17:30:27, 14 05 54, -12 45 16, 102 41 53, +50.78, 102 46 58, +50.65, +16 05.7, 02 21 21.2
2022-10-28, 05:50:45, 11:40:28, 17:30:00, 14 09 46, -13 05 28, 103 02 07, +50.27, 103 07 09, +50.15, +16 11.0, 02 25 17.8
2022-10-29, 05:51:02, 11:40:23, 17:29:34, 14 13 38, -13 25 28, 103 22 09, +49.76, 103 27 08, +49.62, +16 15.5, 02 29 14.3
2022-10-30, 05:51:19, 11:40:20, 17:29:09, 14 17 31, -13 45 16, 103 41 59, +49.22, 103 46 54, +49.08, +16 19.2, 02 33 10.9
2022-10-31, 05:51:38, 11:40:17, 17:28:45, 14 21 24, -14 04 50, 104 01 35, +48.67, 104 06 27, +48.53, +16 22.2, 02 37 07.4
2022-11-01, 05:51:57, 11:40:14, 17:28:22, 14 25 19, -14 24 10, 104 20 58, +48.10, 104 25 46, +47.95, +16 24.4, 02 41 04.0
2022-11-02, 05:52:16, 11:40:13, 17:28:00, 14 29 14, -14 43 17, 104 40 07, +47.51, 104 44 52, +47.36, +16 25.7, 02 45 00.5
2022-11-03, 05:52:36, 11:40:13, 17:27:39, 14 33 10, -15 02 10, 104 59 02, +46.91, 105 03 43, +46.76, +16 26.3, 02 48 57.1
2022-11-04, 05:52:57, 11:40:13, 17:27:19, 14 37 07, -15 20 47, 105 17 42, +46.29, 105 22 20, +46.13, +16 26.1, 02 52 53.7
2022-11-05, 05:53:18, 11:40:14, 17:27:00, 14 41 04, -15 39 10, 105 36 07, +45.65, 105 40 41, +45.49, +16 25.0, 02 56 50.2
2022-11-06, 05:53:40, 11:40:16, 17:26:42, 14 45 03, -15 57 17, 105 54 17, +45.00, 105 58 47, +44.83, +16 23.1, 03 00 46.8
2022-11-07, 05:54:02, 11:40:18, 17:26:25, 14 49 02, -16 15 08, 106 12 11, +44.33, 106 16 37, +44.16, +16 20.4, 03 04 43.3
2022-11-08, 05:54:25, 11:40:22, 17:26:09, 14 53 02, -16 32 43, 106 29 49, +43.64, 106 34 11, +43.47, +16 16.8, 03 08 39.9
2022-11-09, 05:54:49, 11:40:26, 17:25:54, 14 57 03, -16 50 02, 106 47 10, +42.94, 106 51 27, +42.76, +16 12.4, 03 12 36.4
2022-11-10, 05:55:13, 11:40:32, 17:25:41, 15 01 05, -17 07 03, 107 04 14, +42.21, 107 08 27, +42.03, +16 07.1, 03 16 33.0
2022-11-11, 05:55:38, 11:40:38, 17:25:28, 15 05 07, -17 23 46, 107 21 00, +41.48, 107 25 09, +41.29, +16 01.0, 03 20 29.5
2022-11-12, 05:56:03, 11:40:45, 17:25:17, 15 09 11, -17 40 12, 107 37 29, +40.72, 107 41 33, +40.53, +15 54.1, 03 24 26.1
2022-11-13, 05:56:29, 11:40:53, 17:25:07, 15 13 15, -17 56 19, 107 53 40, +39.95, 107 57 39, +39.76, +15 46.3, 03 28 22.7
2022-11-14, 05:56:56, 11:41:01, 17:24:58, 15 17 21, -18 12 08, 108 09 31, +39.16, 108 13 26, +38.97, +15 37.6, 03 32 19.2
2022-11-15, 05:57:23, 11:41:11, 17:24:50, 15 21 27, -18 27 38, 108 25 04, +38.36, 108 28 54, +38.16, +15 28.1, 03 36 15.8
2022-11-16, 05:57:50, 11:41:21, 17:24:43, 15 25 33, -18 42 48, 108 40 17, +37.54, 108 44 03, +37.33, +15 17.8, 03 40 12.3
2022-11-17, 05:58:18, 11:41:32, 17:24:38, 15 29 41, -18 57 38, 108 55 11, +36.71, 108 58 51, +36.49, +15 06.6, 03 44 08.9
2022-11-18, 05:58:47, 11:41:44, 17:24:34, 15 33 50, -19 12 08, 109 09 44, +35.85, 109 13 19, +35.64, +14 54.6, 03 48 05.4
2022-11-19, 05:59:16, 11:41:57, 17:24:30, 15 37 59, -19 26 17, 109 23 57, +34.99, 109 27 27, +34.77, +14 41.8, 03 52 02.0
2022-11-20, 05:59:45, 11:42:11, 17:24:28, 15 42 09, -19 40 05, 109 37 49, +34.10, 109 41 13, +33.88, +14 28.1, 03 55 58.5
2022-11-21, 06:00:15, 11:42:25, 17:24:28, 15 46 20, -19 53 32, 109 51 19, +33.21, 109 54 39, +32.98, +14 13.6, 03 59 55.1
2022-11-22, 06:00:46, 11:42:41, 17:24:28, 15 50 32, -20 06 37, 110 04 28, +32.30, 110 07 42, +32.06, +13 58.3, 04 03 51.7
2022-11-23, 06:01:16, 11:42:57, 17:24:30, 15 54 45, -20 19 21, 110 17 15, +31.37, 110 20 23, +31.13, +13 42.2, 04 07 48.2
2022-11-24, 06:01:47, 11:43:13, 17:24:32, 15 58 58, -20 31 41, 110 29 39, +30.43, 110 32 42, +30.19, +13 25.4, 04 11 44.8
2022-11-25, 06:02:19, 11:43:31, 17:24:36, 16 03 13, -20 43 39, 110 41 41, +29.47, 110 44 38, +29.23, +13 07.7, 04 15 41.3
2022-11-26, 06:02:51, 11:43:50, 17:24:41, 16 07 27, -20 55 14, 110 53 19, +28.50, 110 56 10, +28.25, +12 49.3, 04 19 37.9
2022-11-27, 06:03:23, 11:44:09, 17:24:48, 16 11 43, -21 06 25, 111 04 35, +27.52, 111 07 20, +27.27, +12 30.2, 04 23 34.4
2022-11-28, 06:03:56, 11:44:28, 17:24:55, 16 16 00, -21 17 12, 111 15 26, +26.52, 111 18 05, +26.27, +12 10.3, 04 27 31.0
2022-11-29, 06:04:28, 11:44:49, 17:25:04, 16 20 17, -21 27 36, 111 25 53, +25.51, 111 28 26, +25.25, +11 49.8, 04 31 27.5
2022-11-30, 06:05:01, 11:45:10, 17:25:13, 16 24 34, -21 37 35, 111 35 56, +24.48, 111 38 23, +24.23, +11 28.5, 04 35 24.1
2022-12-01, 06:05:35, 11:45:32, 17:25:24, 16 28 53, -21 47 09, 111 45 35, +23.45, 111 47 56, +23.19, +11 06.6, 04 39 20.7
2022-12-02, 06:06:08, 11:45:55, 17:25:36, 16 33 12, -21 56 18, 111 54 48, +22.40, 111 57 03, +22.14, +10 44.0, 04 43 17.2
2022-12-03, 06:06:42, 11:46:18, 17:25:49, 16 37 32, -22 05 02, 112 03 36, +21.34, 112 05 44, +21.08, +10 20.8, 04 47 13.8
2022-12-04, 06:07:15, 11:46:42, 17:26:04, 16 41 52, -22 13 20, 112 11 59, +20.28, 112 14 01, +20.01, +09 57.0, 04 51 10.3
2022-12-05, 06:07:49, 11:47:06, 17:26:19, 16 46 13, -22 21 13, 112 19 56, +19.20, 112 21 51, +18.92, +09 32.7, 04 55 06.9
2022-12-06, 06:08:23, 11:47:31, 17:26:35, 16 50 35, -22 28 40, 112 27 27, +18.11, 112 29 16, +17.83, +09 07.7, 04 59 03.4
2022-12-07, 06:08:57, 11:47:57, 17:26:52, 16 54 57, -22 35 40, 112 34 32, +17.01, 112 36 14, +16.73, +08 42.3, 05 03 00.0
2022-12-08, 06:09:31, 11:48:23, 17:27:11, 16 59 19, -22 42 14, 112 41 10, +15.90, 112 42 45, +15.62, +08 16.3, 05 06 56.5
2022-12-09, 06:10:04, 11:48:49, 17:27:30, 17 03 42, -22 48 21, 112 47 21, +14.78, 112 48 50, +14.50, +07 49.8, 05 10 53.1
2022-12-10, 06:10:38, 11:49:16, 17:27:50, 17 08 06, -22 54 01, 112 53 06, +13.66, 112 54 28, +13.37, +07 22.9, 05 14 49.7
2022-12-11, 06:11:12, 11:49:43, 17:28:12, 17 12 30, -22 59 14, 112 58 24, +12.52, 112 59 39, +12.24, +06 55.6, 05 18 46.2
2022-12-12, 06:11:45, 11:50:11, 17:28:34, 17 16 54, -23 04 00, 113 03 14, +11.38, 113 04 22, +11.10, +06 27.9, 05 22 42.8
2022-12-13, 06:12:19, 11:50:39, 17:28:57, 17 21 18, -23 08 18, 113 07 37, +10.24, 113 08 38, +09.95, +05 59.9, 05 26 39.3
2022-12-14, 06:12:52, 11:51:07, 17:29:21, 17 25 43, -23 12 09, 113 11 32, +09.09, 113 12 27, +08.80, +05 31.5, 05 30 35.9
2022-12-15, 06:13:25, 11:51:36, 17:29:46, 17 30 09, -23 15 32, 113 15 00, +07.93, 113 15 47, +07.64, +05 02.8, 05 34 32.4
2022-12-16, 06:13:57, 11:52:05, 17:30:11, 17 34 34, -23 18 27, 113 18 00, +06.77, 113 18 40, +06.48, +04 33.9, 05 38 29.0
2022-12-17, 06:14:29, 11:52:34, 17:30:38, 17 39 00, -23 20 54, 113 20 32, +05.60, 113 21 05, +05.31, +04 04.7, 05 42 25.5
2022-12-18, 06:15:01, 11:53:04, 17:31:05, 17 43 26, -23 22 54, 113 22 36, +04.43, 113 23 02, +04.14, +03 35.3, 05 46 22.1
2022-12-19, 06:15:33, 11:53:33, 17:31:33, 17 47 52, -23 24 25, 113 24 12, +03.26, 113 24 31, +02.97, +03 05.8, 05 50 18.7
2022-12-20, 06:16:04, 11:54:03, 17:32:01, 17 52 18, -23 25 28, 113 25 19, +02.09, 113 25 32, +01.79, +02 36.1, 05 54 15.2
2022-12-21, 06:16:34, 11:54:32, 17:32:30, 17 56 44, -23 26 03, 113 25 59, +00.91, 113 26 04, +00.62, +02 06.4, 05 58 11.8
2022-12-22, 06:17:04, 11:55:02, 17:33:00, 18 01 11, -23 26 09, 113 26 10, -00.27, 113 26 08, -00.56, +01 36.6, 06 02 08.3
2022-12-23, 06:17:34, 11:55:32, 17:33:31, 18 05 37, -23 25 47, 113 25 53, -01.44, 113 25 44, -01.74, +01 06.7, 06 06 04.9
2022-12-24, 06:18:03, 11:56:02, 17:34:02, 18 10 03, -23 24 58, 113 25 08, -02.62, 113 24 52, -02.91, +00 36.9, 06 10 01.4
2022-12-25, 06:18:31, 11:56:32, 17:34:33, 18 14 30, -23 23 39, 113 23 54, -03.79, 113 23 32, -04.09, +00 07.1, 06 13 58.0
2022-12-26, 06:18:59, 11:57:01, 17:35:05, 18 18 56, -23 21 53, 113 22 13, -04.97, 113 21 43, -05.26, -00 22.5, 06 17 54.5
2022-12-27, 06:19:26, 11:57:31, 17:35:38, 18 23 22, -23 19 39, 113 20 03, -06.14, 113 19 26, -06.43, -00 52.1, 06 21 51.1
2022-12-28, 06:19:52, 11:58:01, 17:36:10, 18 27 48, -23 16 56, 113 17 25, -07.31, 113 16 41, -07.60, -01 21.6, 06 25 47.6
2022-12-29, 06:20:18, 11:58:30, 17:36:44, 18 32 14, -23 13 45, 113 14 19, -08.48, 113 13 28, -08.77, -01 50.9, 06 29 44.2
2022-12-30, 06:20:43, 11:58:59, 17:37:17, 18 36 40, -23 10 07, 113 10 45, -09.64, 113 09 47, -09.93, -02 20.0, 06 33 40.8
2022-12-31, 06:21:07, 11:59:28, 17:37:51, 18 41 05, -23 06 00, 113 06 43, -10.80, 113 05 39, -11.08, -02 48.8, 06 37 37.3
